{"GeForce RTX 4090": 2202.806, "Radeon RX 7900 XTX": 1799.75, "Radeon RX 6950 XT": 1062.048, "GeForce RTX 4080": 1391.685, "Radeon RX 6900 XT": 907.3109999999999, "Radeon RX 7900 XT": 1114.998, "GeForce RTX 3090 Ti": 1663.875, "Radeon RX 6800 XT": 814.1289999999999, "GeForce RTX 3090": 1525.689, "GeForce RTX 3080 Ti": 1641.7259999999999, "GeForce RTX 3080 12GB": 1158.6619999999998, "GeForce RTX 3080": 1158.662, "Radeon RX 6800": 697.5409999999999, "Radeon RX 6750 XT": 489.032, "GeForce RTX 3070 Ti": 731.8629999999998, "Titan RTX": 2627.3450000000003, "Radeon RX 6700 XT": 454.332, "GeForce RTX 3070": 622.97, "GeForce RTX 2080 Ti": 3260.9399999999996, "GeForce RTX 3060 Ti": 481.852, "Radeon RX 6700 10GB": 864.789, "GeForce RTX 2080 Super": 3402.6671428571426, "GeForce RTX 2080": 2853.5699999999997, "Intel Arc A770 16GB": 1226.1469999999997, "Radeon RX 6650 XT": 341.51200000000006, "Radeon RX 6600 XT": 414.157, "GeForce RTX 2070 Super": 1943.8169999999998, "Radeon RX 5700 XT": 9.98, "Intel Arc A750": 864.6299999999999, "GeForce RTX 3060": 420.16099999999994, "Radeon VII": 0, "GeForce RTX 2070": 1718.909, "Radeon RX 6600": 352.575, "GeForce GTX 1080 Ti": 0, "GeForce RTX 2060 Super": 426.34399999999994, "Radeon RX 5700": 174.773, "Radeon RX 5600 XT": 939.5, "Radeon RX Vega 64": 0, "GeForce RTX 2060": 316.91700000000003, "GeForce GTX 1080": 0, "GeForce RTX 3050": 312.995, "GeForce GTX 1070 Ti": 998.5, "Radeon RX Vega 56": 0, "GeForce GTX 1660 Super": 262.28200000000004, "GeForce GTX 1660 Ti": 328.628, "GeForce GTX 1070": 2309.0249999999996, "GeForce GTX 1660": 260.59399999999994, "Radeon RX 5500 XT 8GB": 990.0, "Radeon RX 590": 0, "GeForce GTX 980 Ti": 0, "Radeon R9 Fury X": 5.88, "Radeon RX 580 8GB": 172.55, "GeForce GTX 1650 Super": 307.988, "Radeon RX 5500 XT 4GB": 884.3059999999999, "GeForce GTX 1060 6GB": 3949.15, "Radeon RX 6500 XT": 195.91400000000002, "Radeon R9 390": 0, "GeForce GTX 980": 8485.0, "GeForce GTX 1650 GDDR6": 422.855, "Intel Arc A380": 635.7933333333334, "Radeon RX 570 4GB": 0, "GeForce GTX 1060 3GB": 3949.15, "GeForce GTX 1650": 203.698, "GeForce GTX 970": 5569.0, "Radeon RX 6400": 156.404, "GeForce GTX 780": 2849.0, "GeForce GTX 1050 Ti": 192.19699999999997, "GeForce GTX 1630": 165.252, "GeForce GTX 1050": 276.616, "Radeon RX 560 4GB": 428.3790000000001, "Radeon RX 550 4GB": 136.05700000000002, "GeForce GT 1030": 92.55600000000001}